<?xml version="1.0" encoding="UTF-8"?>
<export version="D">
  <design>
    <source>Z:\Tyler\003 2016-07-22 Ballistic Chronograph\KiCad\LightGate\LightGate.sch</source>
    <date>2020-03-16 1:59:28 PM</date>
    <tool>Eeschema (5.1.4)-1</tool>
    <sheet number="1" name="/" tstamps="/">
      <title_block>
        <title/>
        <company/>
        <rev/>
        <date/>
        <source>LightGate.sch</source>
        <comment number="1" value=""/>
        <comment number="2" value=""/>
        <comment number="3" value=""/>
        <comment number="4" value=""/>
      </title_block>
    </sheet>
  </design>
  <components>
    <comp ref="U1">
      <value>LM339</value>
      <footprint>Package_SO:SOIC-14_3.9x8.7mm_P1.27mm</footprint>
      <datasheet>http://www.ti.com/lit/ds/symlink/lm339.pdf</datasheet>
      <libsource lib="Comparator" part="LM339" description="Quad Differential Comparators, DIP-14/SOIC-14/SSOP-14"/>
      <sheetpath names="/" tstamps="/"/>
      <tstamp>5E44A281</tstamp>
    </comp>
    <comp ref="RV2">
      <value>5K</value>
      <footprint>Potentiometer_THT:Potentiometer_Piher_PT-6-V_Vertical</footprint>
      <datasheet>~</datasheet>
      <libsource lib="Device" part="R_POT" description="Potentiometer"/>
      <sheetpath names="/" tstamps="/"/>
      <tstamp>5E44C6B3</tstamp>
    </comp>
    <comp ref="R3">
      <value>47K</value>
      <footprint>Resistor_SMD:R_0805_2012Metric_Pad1.15x1.40mm_HandSolder</footprint>
      <datasheet>~</datasheet>
      <libsource lib="Device" part="R" description="Resistor"/>
      <sheetpath names="/" tstamps="/"/>
      <tstamp>5E44CC78</tstamp>
    </comp>
    <comp ref="R4">
      <value>330K</value>
      <footprint>Resistor_SMD:R_0805_2012Metric_Pad1.15x1.40mm_HandSolder</footprint>
      <datasheet>~</datasheet>
      <libsource lib="Device" part="R" description="Resistor"/>
      <sheetpath names="/" tstamps="/"/>
      <tstamp>5E44E425</tstamp>
    </comp>
    <comp ref="C1">
      <value>2.2uF</value>
      <footprint>Capacitor_SMD:C_0805_2012Metric_Pad1.15x1.40mm_HandSolder</footprint>
      <datasheet>~</datasheet>
      <libsource lib="Device" part="C" description="Unpolarized capacitor"/>
      <sheetpath names="/" tstamps="/"/>
      <tstamp>5E44EA8C</tstamp>
    </comp>
    <comp ref="D2">
      <value>D_Photo</value>
      <footprint>LED_THT:LED_D5.0mm</footprint>
      <datasheet>~</datasheet>
      <libsource lib="Device" part="D_Photo" description="Photodiode"/>
      <sheetpath names="/" tstamps="/"/>
      <tstamp>5E4554BB</tstamp>
    </comp>
    <comp ref="RV3">
      <value>5K</value>
      <footprint>Potentiometer_THT:Potentiometer_Piher_PT-6-V_Vertical</footprint>
      <datasheet>~</datasheet>
      <libsource lib="Device" part="R_POT" description="Potentiometer"/>
      <sheetpath names="/" tstamps="/"/>
      <tstamp>5E46C104</tstamp>
    </comp>
    <comp ref="R5">
      <value>47K</value>
      <footprint>Resistor_SMD:R_0805_2012Metric_Pad1.15x1.40mm_HandSolder</footprint>
      <datasheet>~</datasheet>
      <libsource lib="Device" part="R" description="Resistor"/>
      <sheetpath names="/" tstamps="/"/>
      <tstamp>5E46C10A</tstamp>
    </comp>
    <comp ref="R6">
      <value>330K</value>
      <footprint>Resistor_SMD:R_0805_2012Metric_Pad1.15x1.40mm_HandSolder</footprint>
      <datasheet>~</datasheet>
      <libsource lib="Device" part="R" description="Resistor"/>
      <sheetpath names="/" tstamps="/"/>
      <tstamp>5E46C110</tstamp>
    </comp>
    <comp ref="C3">
      <value>2.2uF</value>
      <footprint>Capacitor_SMD:C_0805_2012Metric_Pad1.15x1.40mm_HandSolder</footprint>
      <datasheet>~</datasheet>
      <libsource lib="Device" part="C" description="Unpolarized capacitor"/>
      <sheetpath names="/" tstamps="/"/>
      <tstamp>5E46C116</tstamp>
    </comp>
    <comp ref="D3">
      <value>D_Photo</value>
      <footprint>LED_THT:LED_D5.0mm</footprint>
      <datasheet>~</datasheet>
      <libsource lib="Device" part="D_Photo" description="Photodiode"/>
      <sheetpath names="/" tstamps="/"/>
      <tstamp>5E46C12A</tstamp>
    </comp>
    <comp ref="RV1">
      <value>5K</value>
      <footprint>Potentiometer_THT:Potentiometer_Piher_PT-6-V_Vertical</footprint>
      <datasheet>~</datasheet>
      <libsource lib="Device" part="R_POT" description="Potentiometer"/>
      <sheetpath names="/" tstamps="/"/>
      <tstamp>5E4708D2</tstamp>
    </comp>
    <comp ref="R1">
      <value>47K</value>
      <footprint>Resistor_SMD:R_0805_2012Metric_Pad1.15x1.40mm_HandSolder</footprint>
      <datasheet>~</datasheet>
      <libsource lib="Device" part="R" description="Resistor"/>
      <sheetpath names="/" tstamps="/"/>
      <tstamp>5E4708D8</tstamp>
    </comp>
    <comp ref="R2">
      <value>330K</value>
      <footprint>Resistor_SMD:R_0805_2012Metric_Pad1.15x1.40mm_HandSolder</footprint>
      <datasheet>~</datasheet>
      <libsource lib="Device" part="R" description="Resistor"/>
      <sheetpath names="/" tstamps="/"/>
      <tstamp>5E4708DE</tstamp>
    </comp>
    <comp ref="C2">
      <value>2.2uF</value>
      <footprint>Capacitor_SMD:C_0805_2012Metric_Pad1.15x1.40mm_HandSolder</footprint>
      <datasheet>~</datasheet>
      <libsource lib="Device" part="C" description="Unpolarized capacitor"/>
      <sheetpath names="/" tstamps="/"/>
      <tstamp>5E4708E4</tstamp>
    </comp>
    <comp ref="D1">
      <value>D_Photo</value>
      <footprint>LED_THT:LED_D5.0mm</footprint>
      <datasheet>~</datasheet>
      <libsource lib="Device" part="D_Photo" description="Photodiode"/>
      <sheetpath names="/" tstamps="/"/>
      <tstamp>5E4708F8</tstamp>
    </comp>
    <comp ref="RV4">
      <value>5K</value>
      <footprint>Potentiometer_THT:Potentiometer_Piher_PT-6-V_Vertical</footprint>
      <datasheet>~</datasheet>
      <libsource lib="Device" part="R_POT" description="Potentiometer"/>
      <sheetpath names="/" tstamps="/"/>
      <tstamp>5E472468</tstamp>
    </comp>
    <comp ref="R7">
      <value>47K</value>
      <footprint>Resistor_SMD:R_0805_2012Metric_Pad1.15x1.40mm_HandSolder</footprint>
      <datasheet>~</datasheet>
      <libsource lib="Device" part="R" description="Resistor"/>
      <sheetpath names="/" tstamps="/"/>
      <tstamp>5E47246E</tstamp>
    </comp>
    <comp ref="R8">
      <value>330K</value>
      <footprint>Resistor_SMD:R_0805_2012Metric_Pad1.15x1.40mm_HandSolder</footprint>
      <datasheet>~</datasheet>
      <libsource lib="Device" part="R" description="Resistor"/>
      <sheetpath names="/" tstamps="/"/>
      <tstamp>5E472474</tstamp>
    </comp>
    <comp ref="C4">
      <value>2.2uF</value>
      <footprint>Capacitor_SMD:C_0805_2012Metric_Pad1.15x1.40mm_HandSolder</footprint>
      <datasheet>~</datasheet>
      <libsource lib="Device" part="C" description="Unpolarized capacitor"/>
      <sheetpath names="/" tstamps="/"/>
      <tstamp>5E47247A</tstamp>
    </comp>
    <comp ref="D4">
      <value>D_Photo</value>
      <footprint>LED_THT:LED_D5.0mm</footprint>
      <datasheet>~</datasheet>
      <libsource lib="Device" part="D_Photo" description="Photodiode"/>
      <sheetpath names="/" tstamps="/"/>
      <tstamp>5E47248E</tstamp>
    </comp>
    <comp ref="C5">
      <value>10uF</value>
      <footprint>Capacitor_SMD:C_0805_2012Metric_Pad1.15x1.40mm_HandSolder</footprint>
      <datasheet>~</datasheet>
      <libsource lib="Device" part="C" description="Unpolarized capacitor"/>
      <sheetpath names="/" tstamps="/"/>
      <tstamp>5E485595</tstamp>
    </comp>
    <comp ref="J5">
      <value>Conn_02x04_Counter_Clockwise</value>
      <footprint>Connector_PinSocket_2.54mm:PinSocket_2x04_P2.54mm_Vertical</footprint>
      <datasheet>~</datasheet>
      <libsource lib="Connector_Generic" part="Conn_02x04_Odd_Even" description="Generic connector, double row, 02x04, odd/even pin numbering scheme (row 1 odd numbers, row 2 even numbers), script generated (kicad-library-utils/schlib/autogen/connector/)"/>
      <sheetpath names="/" tstamps="/"/>
      <tstamp>5E4878BA</tstamp>
    </comp>
    <comp ref="J6">
      <value>Conn_01x03</value>
      <footprint>Connector_PinSocket_2.54mm:PinSocket_1x03_P2.54mm_Vertical</footprint>
      <datasheet>~</datasheet>
      <libsource lib="Connector_Generic" part="Conn_01x03" description="Generic connector, single row, 01x03, script generated (kicad-library-utils/schlib/autogen/connector/)"/>
      <sheetpath names="/" tstamps="/"/>
      <tstamp>5E492D11</tstamp>
    </comp>
    <comp ref="U2">
      <value>TPS61041DRV</value>
      <footprint>Package_TO_SOT_SMD:SOT-23-5_HandSoldering</footprint>
      <datasheet>http://www.ti.com/lit/ds/symlink/tps61040.pdf</datasheet>
      <libsource lib="Regulator_Switching" part="TPS61041DDC" description="Synchronous Boost Regulator, Adjustable Output up to 28V, SOT-23-5"/>
      <sheetpath names="/" tstamps="/"/>
      <tstamp>5E46734E</tstamp>
    </comp>
    <comp ref="L1">
      <value>10uH</value>
      <footprint>Diode_SMD:D_1206_3216Metric_Pad1.42x1.75mm_HandSolder</footprint>
      <datasheet>~</datasheet>
      <libsource lib="Device" part="L" description="Inductor"/>
      <sheetpath names="/" tstamps="/"/>
      <tstamp>5E467ADF</tstamp>
    </comp>
    <comp ref="D5">
      <value>DIODE</value>
      <footprint>Diode_SMD:D_1206_3216Metric_Pad1.42x1.75mm_HandSolder</footprint>
      <datasheet>~</datasheet>
      <libsource lib="pspice" part="DIODE" description="Diode symbol for simulation only. Pin order incompatible with official kicad footprints"/>
      <sheetpath names="/" tstamps="/"/>
      <tstamp>5E468559</tstamp>
    </comp>
    <comp ref="R10">
      <value>500K</value>
      <footprint>Resistor_SMD:R_0805_2012Metric_Pad1.15x1.40mm_HandSolder</footprint>
      <datasheet>~</datasheet>
      <libsource lib="Device" part="R" description="Resistor"/>
      <sheetpath names="/" tstamps="/"/>
      <tstamp>5E46931C</tstamp>
    </comp>
    <comp ref="R11">
      <value>22K</value>
      <footprint>Resistor_SMD:R_0805_2012Metric_Pad1.15x1.40mm_HandSolder</footprint>
      <datasheet>~</datasheet>
      <libsource lib="Device" part="R" description="Resistor"/>
      <sheetpath names="/" tstamps="/"/>
      <tstamp>5E48130B</tstamp>
    </comp>
    <comp ref="C6">
      <value>10uF</value>
      <footprint>Capacitor_SMD:C_0805_2012Metric_Pad1.15x1.40mm_HandSolder</footprint>
      <datasheet>~</datasheet>
      <libsource lib="Device" part="C" description="Unpolarized capacitor"/>
      <sheetpath names="/" tstamps="/"/>
      <tstamp>5E48A96F</tstamp>
    </comp>
    <comp ref="C8">
      <value>22pF</value>
      <footprint>Capacitor_SMD:C_0805_2012Metric_Pad1.15x1.40mm_HandSolder</footprint>
      <datasheet>~</datasheet>
      <libsource lib="Device" part="C" description="Unpolarized capacitor"/>
      <sheetpath names="/" tstamps="/"/>
      <tstamp>5E4782CB</tstamp>
    </comp>
    <comp ref="JP1">
      <value>Jumper_2_Bridged</value>
      <footprint>Jumper:SolderJumper-2_P1.3mm_Bridged_Pad1.0x1.5mm</footprint>
      <datasheet>~</datasheet>
      <libsource lib="Jumper" part="Jumper_2_Bridged" description="Jumper, 2-pole, closed/bridged"/>
      <sheetpath names="/" tstamps="/"/>
      <tstamp>5E4B62AE</tstamp>
    </comp>
    <comp ref="R9">
      <value>330K</value>
      <footprint>Resistor_SMD:R_0805_2012Metric_Pad1.15x1.40mm_HandSolder</footprint>
      <datasheet>~</datasheet>
      <libsource lib="Device" part="R" description="Resistor"/>
      <sheetpath names="/" tstamps="/"/>
      <tstamp>5E4B7583</tstamp>
    </comp>
    <comp ref="H1">
      <value>MountingHole</value>
      <footprint>MountingHole:MountingHole_2.2mm_M2</footprint>
      <datasheet>~</datasheet>
      <libsource lib="Mechanical" part="MountingHole" description="Mounting Hole without connection"/>
      <sheetpath names="/" tstamps="/"/>
      <tstamp>5E4E5FF1</tstamp>
    </comp>
    <comp ref="H2">
      <value>MountingHole</value>
      <footprint>MountingHole:MountingHole_2.2mm_M2</footprint>
      <datasheet>~</datasheet>
      <libsource lib="Mechanical" part="MountingHole" description="Mounting Hole without connection"/>
      <sheetpath names="/" tstamps="/"/>
      <tstamp>5E4E6FE5</tstamp>
    </comp>
    <comp ref="J2">
      <value>Conn_01x02</value>
      <footprint>Connector_PinSocket_2.54mm:PinSocket_1x02_P2.54mm_Vertical</footprint>
      <datasheet>~</datasheet>
      <libsource lib="Connector_Generic" part="Conn_01x02" description="Generic connector, single row, 01x02, script generated (kicad-library-utils/schlib/autogen/connector/)"/>
      <sheetpath names="/" tstamps="/"/>
      <tstamp>5E4E1645</tstamp>
    </comp>
    <comp ref="J3">
      <value>Conn_01x02</value>
      <footprint>Connector_PinSocket_2.54mm:PinSocket_1x02_P2.54mm_Vertical</footprint>
      <datasheet>~</datasheet>
      <libsource lib="Connector_Generic" part="Conn_01x02" description="Generic connector, single row, 01x02, script generated (kicad-library-utils/schlib/autogen/connector/)"/>
      <sheetpath names="/" tstamps="/"/>
      <tstamp>5E4EB67F</tstamp>
    </comp>
    <comp ref="J4">
      <value>Conn_01x02</value>
      <footprint>Connector_PinSocket_2.54mm:PinSocket_1x02_P2.54mm_Vertical</footprint>
      <datasheet>~</datasheet>
      <libsource lib="Connector_Generic" part="Conn_01x02" description="Generic connector, single row, 01x02, script generated (kicad-library-utils/schlib/autogen/connector/)"/>
      <sheetpath names="/" tstamps="/"/>
      <tstamp>5E4F0712</tstamp>
    </comp>
    <comp ref="J1">
      <value>Conn_01x02</value>
      <footprint>Connector_PinSocket_2.54mm:PinSocket_1x02_P2.54mm_Vertical</footprint>
      <datasheet>~</datasheet>
      <libsource lib="Connector_Generic" part="Conn_01x02" description="Generic connector, single row, 01x02, script generated (kicad-library-utils/schlib/autogen/connector/)"/>
      <sheetpath names="/" tstamps="/"/>
      <tstamp>5E4F4269</tstamp>
    </comp>
    <comp ref="C7">
      <value>10uF</value>
      <footprint>Capacitor_SMD:C_0805_2012Metric_Pad1.15x1.40mm_HandSolder</footprint>
      <datasheet>~</datasheet>
      <libsource lib="Device" part="C" description="Unpolarized capacitor"/>
      <sheetpath names="/" tstamps="/"/>
      <tstamp>5E54A3BF</tstamp>
    </comp>
  </components>
  <libparts>
    <libpart lib="Comparator" part="LM2901">
      <aliases>
        <alias>LM339</alias>
        <alias>LMV339</alias>
      </aliases>
      <description>Quad Differential Comparators, DIP-14/SOIC-14/SSOP-14</description>
      <docs>http://www.ti.com/lit/ds/symlink/lm339.pdf</docs>
      <footprints>
        <fp>SOIC*3.9x8.7mm*P1.27mm*</fp>
        <fp>DIP*W7.62mm*</fp>
        <fp>TSSOP*4.4x5mm*P0.65mm*</fp>
        <fp>SSOP*5.3x6.2mm*P0.5mm*</fp>
      </footprints>
      <fields>
        <field name="Reference">U</field>
        <field name="Value">LM2901</field>
      </fields>
      <pins>
        <pin num="1" name="~" type="openCol"/>
        <pin num="2" name="~" type="openCol"/>
        <pin num="3" name="V+" type="power_in"/>
        <pin num="4" name="-" type="input"/>
        <pin num="5" name="+" type="input"/>
        <pin num="6" name="-" type="input"/>
        <pin num="7" name="+" type="input"/>
        <pin num="8" name="-" type="input"/>
        <pin num="9" name="+" type="input"/>
        <pin num="10" name="-" type="input"/>
        <pin num="11" name="+" type="input"/>
        <pin num="12" name="V-" type="power_in"/>
        <pin num="13" name="~" type="openCol"/>
        <pin num="14" name="~" type="openCol"/>
      </pins>
    </libpart>
    <libpart lib="Connector_Generic" part="Conn_01x02">
      <description>Generic connector, single row, 01x02, script generated (kicad-library-utils/schlib/autogen/connector/)</description>
      <docs>~</docs>
      <footprints>
        <fp>Connector*:*_1x??_*</fp>
      </footprints>
      <fields>
        <field name="Reference">J</field>
        <field name="Value">Conn_01x02</field>
      </fields>
      <pins>
        <pin num="1" name="Pin_1" type="passive"/>
        <pin num="2" name="Pin_2" type="passive"/>
      </pins>
    </libpart>
    <libpart lib="Connector_Generic" part="Conn_01x03">
      <description>Generic connector, single row, 01x03, script generated (kicad-library-utils/schlib/autogen/connector/)</description>
      <docs>~</docs>
      <footprints>
        <fp>Connector*:*_1x??_*</fp>
      </footprints>
      <fields>
        <field name="Reference">J</field>
        <field name="Value">Conn_01x03</field>
      </fields>
      <pins>
        <pin num="1" name="Pin_1" type="passive"/>
        <pin num="2" name="Pin_2" type="passive"/>
        <pin num="3" name="Pin_3" type="passive"/>
      </pins>
    </libpart>
    <libpart lib="Connector_Generic" part="Conn_02x04_Odd_Even">
      <description>Generic connector, double row, 02x04, odd/even pin numbering scheme (row 1 odd numbers, row 2 even numbers), script generated (kicad-library-utils/schlib/autogen/connector/)</description>
      <docs>~</docs>
      <footprints>
        <fp>Connector*:*_2x??_*</fp>
      </footprints>
      <fields>
        <field name="Reference">J</field>
        <field name="Value">Conn_02x04_Odd_Even</field>
      </fields>
      <pins>
        <pin num="1" name="Pin_1" type="passive"/>
        <pin num="2" name="Pin_2" type="passive"/>
        <pin num="3" name="Pin_3" type="passive"/>
        <pin num="4" name="Pin_4" type="passive"/>
        <pin num="5" name="Pin_5" type="passive"/>
        <pin num="6" name="Pin_6" type="passive"/>
        <pin num="7" name="Pin_7" type="passive"/>
        <pin num="8" name="Pin_8" type="passive"/>
      </pins>
    </libpart>
    <libpart lib="Device" part="C">
      <description>Unpolarized capacitor</description>
      <docs>~</docs>
      <footprints>
        <fp>C_*</fp>
      </footprints>
      <fields>
        <field name="Reference">C</field>
        <field name="Value">C</field>
      </fields>
      <pins>
        <pin num="1" name="~" type="passive"/>
        <pin num="2" name="~" type="passive"/>
      </pins>
    </libpart>
    <libpart lib="Device" part="D_Photo">
      <description>Photodiode</description>
      <docs>~</docs>
      <fields>
        <field name="Reference">D</field>
        <field name="Value">D_Photo</field>
      </fields>
      <pins>
        <pin num="1" name="K" type="passive"/>
        <pin num="2" name="A" type="passive"/>
      </pins>
    </libpart>
    <libpart lib="Device" part="L">
      <description>Inductor</description>
      <docs>~</docs>
      <footprints>
        <fp>Choke_*</fp>
        <fp>*Coil*</fp>
        <fp>Inductor_*</fp>
        <fp>L_*</fp>
      </footprints>
      <fields>
        <field name="Reference">L</field>
        <field name="Value">L</field>
      </fields>
      <pins>
        <pin num="1" name="1" type="passive"/>
        <pin num="2" name="2" type="passive"/>
      </pins>
    </libpart>
    <libpart lib="Device" part="R">
      <description>Resistor</description>
      <docs>~</docs>
      <footprints>
        <fp>R_*</fp>
      </footprints>
      <fields>
        <field name="Reference">R</field>
        <field name="Value">R</field>
      </fields>
      <pins>
        <pin num="1" name="~" type="passive"/>
        <pin num="2" name="~" type="passive"/>
      </pins>
    </libpart>
    <libpart lib="Device" part="R_POT">
      <description>Potentiometer</description>
      <docs>~</docs>
      <footprints>
        <fp>Potentiometer*</fp>
      </footprints>
      <fields>
        <field name="Reference">RV</field>
        <field name="Value">R_POT</field>
      </fields>
      <pins>
        <pin num="1" name="1" type="passive"/>
        <pin num="2" name="2" type="passive"/>
        <pin num="3" name="3" type="passive"/>
      </pins>
    </libpart>
    <libpart lib="Jumper" part="Jumper_2_Bridged">
      <description>Jumper, 2-pole, closed/bridged</description>
      <docs>~</docs>
      <footprints>
        <fp>SolderJumper*Bridged*</fp>
      </footprints>
      <fields>
        <field name="Reference">JP</field>
        <field name="Value">Jumper_2_Bridged</field>
      </fields>
      <pins>
        <pin num="1" name="A" type="passive"/>
        <pin num="2" name="B" type="passive"/>
      </pins>
    </libpart>
    <libpart lib="Mechanical" part="MountingHole">
      <description>Mounting Hole without connection</description>
      <docs>~</docs>
      <footprints>
        <fp>MountingHole*</fp>
      </footprints>
      <fields>
        <field name="Reference">H</field>
        <field name="Value">MountingHole</field>
      </fields>
    </libpart>
    <libpart lib="Regulator_Switching" part="TPS61041DDC">
      <aliases>
        <alias>TPS61041DBV</alias>
      </aliases>
      <description>Synchronous Boost Regulator, Adjustable Output up to 28V, SOT-23-5</description>
      <docs>http://www.ti.com/lit/ds/symlink/tps61040.pdf</docs>
      <footprints>
        <fp>SOT?23*</fp>
      </footprints>
      <fields>
        <field name="Reference">U</field>
        <field name="Value">TPS61041DDC</field>
        <field name="Footprint">Package_TO_SOT_SMD:SOT-23-5</field>
      </fields>
      <pins>
        <pin num="1" name="SW" type="power_out"/>
        <pin num="2" name="GND" type="power_in"/>
        <pin num="3" name="FB" type="input"/>
        <pin num="4" name="EN" type="input"/>
        <pin num="5" name="VIN" type="power_in"/>
      </pins>
    </libpart>
    <libpart lib="pspice" part="DIODE">
      <description>Diode symbol for simulation only. Pin order incompatible with official kicad footprints</description>
      <docs>~</docs>
      <fields>
        <field name="Reference">D</field>
        <field name="Value">DIODE</field>
      </fields>
      <pins>
        <pin num="1" name="K" type="input"/>
        <pin num="2" name="A" type="input"/>
      </pins>
    </libpart>
  </libparts>
  <libraries>
    <library logical="Comparator">
      <uri>C:\Program Files\KiCad\share\kicad\library/Comparator.lib</uri>
    </library>
    <library logical="Connector_Generic">
      <uri>C:\Program Files\KiCad\share\kicad\library/Connector_Generic.lib</uri>
    </library>
    <library logical="Device">
      <uri>C:\Program Files\KiCad\share\kicad\library/Device.lib</uri>
    </library>
    <library logical="Jumper">
      <uri>C:\Program Files\KiCad\share\kicad\library/Jumper.lib</uri>
    </library>
    <library logical="Mechanical">
      <uri>C:\Program Files\KiCad\share\kicad\library/Mechanical.lib</uri>
    </library>
    <library logical="Regulator_Switching">
      <uri>C:\Program Files\KiCad\share\kicad\library/Regulator_Switching.lib</uri>
    </library>
    <library logical="pspice">
      <uri>C:\Program Files\KiCad\share\kicad\library/pspice.lib</uri>
    </library>
  </libraries>
  <nets>
    <net code="1" name="Net-(C8-Pad2)">
      <node ref="R10" pin="2"/>
      <node ref="U2" pin="3"/>
      <node ref="C8" pin="2"/>
      <node ref="R11" pin="1"/>
    </net>
    <net code="2" name="GND">
      <node ref="D2" pin="2"/>
      <node ref="U1" pin="12"/>
      <node ref="D3" pin="2"/>
      <node ref="C3" pin="2"/>
      <node ref="C4" pin="2"/>
      <node ref="C7" pin="2"/>
      <node ref="U2" pin="2"/>
      <node ref="D1" pin="2"/>
      <node ref="C5" pin="2"/>
      <node ref="D4" pin="2"/>
      <node ref="C2" pin="2"/>
      <node ref="C1" pin="2"/>
      <node ref="C6" pin="2"/>
      <node ref="R11" pin="2"/>
      <node ref="J6" pin="3"/>
    </net>
    <net code="3" name="Net-(D5-Pad1)">
      <node ref="L1" pin="2"/>
      <node ref="U2" pin="1"/>
      <node ref="D5" pin="1"/>
    </net>
    <net code="4" name="VCC">
      <node ref="R9" pin="1"/>
      <node ref="J6" pin="2"/>
      <node ref="C5" pin="1"/>
      <node ref="U2" pin="4"/>
      <node ref="U2" pin="5"/>
      <node ref="L1" pin="1"/>
    </net>
    <net code="5" name="Net-(J5-Pad2)">
      <node ref="JP1" pin="2"/>
      <node ref="J5" pin="4"/>
      <node ref="J5" pin="6"/>
      <node ref="J5" pin="8"/>
      <node ref="J6" pin="1"/>
      <node ref="J5" pin="2"/>
    </net>
    <net code="6" name="Net-(J5-Pad5)">
      <node ref="J5" pin="5"/>
      <node ref="U1" pin="14"/>
    </net>
    <net code="7" name="Net-(J5-Pad3)">
      <node ref="U1" pin="1"/>
      <node ref="J5" pin="3"/>
    </net>
    <net code="8" name="Net-(J5-Pad7)">
      <node ref="U1" pin="13"/>
      <node ref="J5" pin="7"/>
    </net>
    <net code="9" name="Net-(D4-Pad1)">
      <node ref="RV4" pin="3"/>
      <node ref="J4" pin="2"/>
      <node ref="U1" pin="10"/>
      <node ref="D4" pin="1"/>
    </net>
    <net code="10" name="Net-(D3-Pad1)">
      <node ref="U1" pin="8"/>
      <node ref="D3" pin="1"/>
      <node ref="RV3" pin="3"/>
      <node ref="J3" pin="2"/>
    </net>
    <net code="11" name="+28V">
      <node ref="R3" pin="1"/>
      <node ref="C7" pin="1"/>
      <node ref="U1" pin="3"/>
      <node ref="C8" pin="1"/>
      <node ref="R1" pin="1"/>
      <node ref="C6" pin="1"/>
      <node ref="R7" pin="1"/>
      <node ref="R10" pin="1"/>
      <node ref="D5" pin="2"/>
      <node ref="R5" pin="1"/>
    </net>
    <net code="12" name="Net-(JP1-Pad1)">
      <node ref="JP1" pin="1"/>
      <node ref="R9" pin="2"/>
    </net>
    <net code="13" name="Net-(J5-Pad1)">
      <node ref="U1" pin="2"/>
      <node ref="J5" pin="1"/>
    </net>
    <net code="14" name="Net-(C3-Pad1)">
      <node ref="C3" pin="1"/>
      <node ref="J3" pin="1"/>
      <node ref="U1" pin="9"/>
      <node ref="R6" pin="1"/>
    </net>
    <net code="15" name="Net-(R6-Pad2)">
      <node ref="RV3" pin="2"/>
      <node ref="R6" pin="2"/>
    </net>
    <net code="16" name="Net-(R5-Pad2)">
      <node ref="R5" pin="2"/>
      <node ref="RV3" pin="1"/>
    </net>
    <net code="17" name="Net-(R2-Pad2)">
      <node ref="R2" pin="2"/>
      <node ref="RV1" pin="2"/>
    </net>
    <net code="18" name="Net-(R1-Pad2)">
      <node ref="R1" pin="2"/>
      <node ref="RV1" pin="1"/>
    </net>
    <net code="19" name="Net-(D2-Pad1)">
      <node ref="RV2" pin="3"/>
      <node ref="J2" pin="2"/>
      <node ref="D2" pin="1"/>
      <node ref="U1" pin="6"/>
    </net>
    <net code="20" name="Net-(R4-Pad2)">
      <node ref="RV2" pin="2"/>
      <node ref="R4" pin="2"/>
    </net>
    <net code="21" name="Net-(R3-Pad2)">
      <node ref="R3" pin="2"/>
      <node ref="RV2" pin="1"/>
    </net>
    <net code="22" name="Net-(C4-Pad1)">
      <node ref="R8" pin="1"/>
      <node ref="C4" pin="1"/>
      <node ref="J4" pin="1"/>
      <node ref="U1" pin="11"/>
    </net>
    <net code="23" name="Net-(C1-Pad1)">
      <node ref="J2" pin="1"/>
      <node ref="U1" pin="7"/>
      <node ref="R4" pin="1"/>
      <node ref="C1" pin="1"/>
    </net>
    <net code="24" name="Net-(C2-Pad1)">
      <node ref="U1" pin="5"/>
      <node ref="R2" pin="1"/>
      <node ref="J1" pin="1"/>
      <node ref="C2" pin="1"/>
    </net>
    <net code="25" name="Net-(R7-Pad2)">
      <node ref="R7" pin="2"/>
      <node ref="RV4" pin="1"/>
    </net>
    <net code="26" name="Net-(R8-Pad2)">
      <node ref="R8" pin="2"/>
      <node ref="RV4" pin="2"/>
    </net>
    <net code="27" name="Net-(D1-Pad1)">
      <node ref="J1" pin="2"/>
      <node ref="D1" pin="1"/>
      <node ref="RV1" pin="3"/>
      <node ref="U1" pin="4"/>
    </net>
  </nets>
</export>
